evolution$generation,gravityDecay,overlapThreshold,totalWaste,relativeCost,evolution$samples
3,1.0,0.27404030218103315,0.9162469999999998,0.08714341831868477,2
3,15.064199621314446,0.42518333798435126,0.679636,1.410678999530091,2
