evolution$generation,gravityDecay,overlapThreshold,totalWaste,relativeCost,evolution$samples
1,32.852654841182705,0.27404030218103315,0.713394,1.614846532818174,1
1,1.0,0.27404030218103315,0.920844,0.0896626587917689,1
