evolution$generation,gravityDecay,overlapThreshold,totalWaste,relativeCost,evolution$samples
4,1.0,0.27404030218103315,0.9162469999999998,0.08714341831868477,2
4,15.064199621314446,0.42518333798435126,0.679636,1.410678999530091,2
4,1.0,0.2740936627476281,0.8799340000000001,0.13317536282802372,1
