evolution$generation,gravityDecay,overlapThreshold,totalWaste,relativeCost,evolution$samples
2,1.0,0.27404030218103315,0.920844,0.0896626587917689,1
2,15.064199621314446,0.42518333798435126,0.679636,1.410678999530091,2
