evolution$generation,gravityDecay,overlapThreshold,totalWaste,relativeCost,evolution$samples
1,85.88733201543955,0.30228511359010524,0.23726299999999978,7.919482114817378,2
1,85.88733201543955,0.3022851135901052,0.19548949999999987,13.062529084804392,2
1,85.66120733313136,0.2972020340991345,0.19402466666666646,24.22749769346827,1
1,85.88733201543957,0.30228511359010524,0.19303599999999968,29.50094268763846,1
