evolution$generation,gravityDecay,overlapThreshold,totalWaste,relativeCost,evolution$samples
14,85.88733201543955,0.30228511359010524,0.23726299999999978,7.919482114817378,2
14,85.88733201543955,0.3022851135901052,0.19548949999999987,13.062529084804392,2
14,48.16646478738904,0.35052452764612907,0.22399533333333332,8.148129582962934,2
14,19.743724525371636,0.19668924847244984,0.24447199999999977,4.922067649980566,2
14,3.8239521644674483,0.042759865142304676,0.18205599999999988,3.8022549250638935,1
14,1.0,0.042759865142304676,0.15955599999999995,8.054007930283344,1
14,1.0,0.04275986514230467,0.1641086666666666,16.78535332539467,3
14,1.0,0.0,0.14368028571428582,30.671108142015207,1
14,10.077987184818038,0.48198241917825635,0.23149499999999987,17.369985532291242,5
